{
  "name": "IES Federica Montseny",
  "address": "Calle Torrente",
  "city": "Fuenlabrada",
  "students": [
    {
      "name": "Peppa",
      "surname": "Pig",
      "birthDate": "15/10/2000"
    },
    {
      "name": "Bob",
      "surname": "Esponja",
      "birthDate": "05/01/1990"
    }
  ],
  "titles": [
    {
      "name": "DAM",
      "class": "Informática",
      "level": "GS",
      "lines": 2,
      "tags": ["App", "IT"]
    },
    {
      "name": "DAW",
      "class": "Informática",
      "level": "GS",
      "lines": 2,
      "tags": ["Web", "IT"]
    }
  ]
}